timestamp,user_id,hour,day_of_week,files_accessed,data_volume_mb,failed_logins,unique_file_categories,sensitive_files,actions_delete,location_risk,typing_speed_wpm,session_duration_min,after_hours,weekend,is_anomaly,anomaly_type,dept,role
2025-01-01T13:02:00,alice.morgan,13,2,15,36.05,0,1,1,0,1,85,44,0,0,False,normal,Finance,Analyst
2025-01-01T12:40:00,alice.morgan,12,2,11,23.36,0,2,0,0,0,77,225,0,0,False,normal,Finance,Analyst
2025-01-01T08:20:00,alice.morgan,8,2,17,16.56,0,2,0,0,0,74,50,0,0,False,normal,Finance,Analyst
2025-01-01T11:22:00,bob.chen,11,2,37,21.31,0,3,3,0,0,74,384,0,0,False,normal,Engineering,Developer
2025-01-01T13:45:00,carol.davis,13,2,3,7.0,0,2,0,0,0,64,134,0,0,False,normal,HR,Manager
2025-01-01T10:02:00,carol.davis,10,2,9,26.18,0,1,0,0,0,51,59,0,0,False,normal,HR,Manager
2025-01-01T09:22:00,carol.davis,9,2,9,15.69,0,2,0,0,0,50,152,0,0,False,normal,HR,Manager
2025-01-01T09:24:00,dave.wilson,9,2,14,22.99,0,3,0,0,1,65,77,0,0,False,normal,Sales,Rep
2025-01-01T13:38:00,eve.johnson,13,2,44,88.58,0,1,8,1,0,45,367,0,0,False,normal,IT,SysAdmin
2025-01-01T06:34:00,eve.johnson,6,2,23,65.39,1,2,0,0,0,46,202,0,0,False,normal,IT,SysAdmin
2025-01-01T11:46:00,eve.johnson,11,2,20,12.39,0,1,2,0,0,70,315,0,0,False,normal,IT,SysAdmin
2025-01-02T13:22:00,alice.morgan,13,3,12,20.71,0,1,0,0,1,49,117,0,0,False,normal,Finance,Analyst
2025-01-02T11:01:00,alice.morgan,11,3,11,29.21,0,3,0,0,1,82,132,0,0,False,normal,Finance,Analyst
2025-01-02T17:17:00,alice.morgan,17,3,15,42.28,0,2,2,0,1,71,310,0,0,False,normal,Finance,Analyst
2025-01-02T13:40:00,bob.chen,13,3,37,23.31,0,3,6,0,0,81,159,0,0,False,normal,Engineering,Developer
2025-01-02T14:38:00,carol.davis,14,3,8,14.77,0,3,0,0,0,60,133,0,0,False,normal,HR,Manager
2025-01-02T15:40:00,carol.davis,15,3,11,10.49,0,1,1,0,0,60,77,0,0,False,normal,HR,Manager
2025-01-02T15:58:00,dave.wilson,15,3,26,33.21,0,3,5,0,0,54,347,0,0,False,normal,Sales,Rep
2025-01-02T09:02:00,dave.wilson,9,3,29,35.24,0,3,0,0,0,80,280,0,0,False,normal,Sales,Rep
2025-01-02T17:23:00,dave.wilson,17,3,11,19.14,0,1,1,0,0,78,64,0,0,False,normal,Sales,Rep
2025-01-02T20:37:00,eve.johnson,20,3,79,138.86,0,2,9,0,0,68,465,0,0,False,normal,IT,SysAdmin
2025-01-03T15:39:00,alice.morgan,15,4,8,12.03,0,1,1,0,0,80,41,0,0,False,normal,Finance,Analyst
2025-01-03T11:56:00,alice.morgan,11,4,15,38.92,0,3,2,0,0,66,176,0,0,False,normal,Finance,Analyst
2025-01-03T16:28:00,alice.morgan,16,4,7,6.69,0,3,0,0,0,76,114,0,0,False,normal,Finance,Analyst
2025-01-03T13:34:00,bob.chen,13,4,43,115.44,0,2,8,0,0,73,185,0,0,False,normal,Engineering,Developer
2025-01-03T17:18:00,bob.chen,17,4,27,24.14,0,3,0,0,0,75,37,0,0,False,normal,Engineering,Developer
2025-01-03T15:24:00,bob.chen,15,4,8,23.66,0,3,0,1,0,45,223,0,0,False,normal,Engineering,Developer
2025-01-03T15:19:00,carol.davis,15,4,9,11.9,0,3,1,1,0,59,99,0,0,False,normal,HR,Manager
2025-01-03T14:33:00,carol.davis,14,4,3,3.63,0,1,0,0,0,46,264,0,0,False,normal,HR,Manager
2025-01-03T11:02:00,dave.wilson,11,4,9,18.35,0,2,1,0,0,83,113,0,0,False,normal,Sales,Rep
2025-01-03T11:15:00,dave.wilson,11,4,25,71.27,0,1,0,0,0,58,189,0,0,False,normal,Sales,Rep
2025-01-03T17:57:00,eve.johnson,17,4,57,77.32,0,2,1,0,0,58,136,0,0,False,normal,IT,SysAdmin
2025-01-06T15:05:00,alice.morgan,15,0,14,17.41,0,3,0,0,0,72,39,0,0,False,normal,Finance,Analyst
2025-01-06T13:03:00,alice.morgan,13,0,10,20.23,0,1,1,0,0,82,86,0,0,False,normal,Finance,Analyst
2025-01-06T17:10:00,alice.morgan,17,0,13,23.09,0,2,2,0,0,54,368,0,0,False,normal,Finance,Analyst
2025-01-06T12:25:00,bob.chen,12,0,21,15.63,0,1,4,0,0,66,377,0,0,False,normal,Engineering,Developer
2025-01-06T16:18:00,carol.davis,16,0,9,9.04,0,3,1,0,0,66,128,0,0,False,normal,HR,Manager
2025-01-06T14:35:00,carol.davis,14,0,7,16.57,0,3,0,0,0,51,473,0,0,False,normal,HR,Manager
2025-01-06T12:46:00,carol.davis,12,0,8,18.51,0,3,1,1,0,49,187,0,0,False,normal,HR,Manager
2025-01-06T14:22:00,carol.davis,14,0,10,645.2471440393889,0,5,16,0,1,60,215,1,1,True,policy_violation,HR,Manager
2025-01-06T19:32:00,dave.wilson,19,0,24,38.68,1,3,4,0,0,45,369,0,0,False,normal,Sales,Rep
2025-01-06T07:22:00,eve.johnson,7,0,50,76.93,0,3,3,0,0,62,58,0,0,False,normal,IT,SysAdmin
2025-01-07T10:17:00,alice.morgan,10,1,7,14.1,0,1,0,0,0,74,452,0,0,False,normal,Finance,Analyst
2025-01-07T12:47:00,alice.morgan,12,1,10,6.17,0,2,2,0,0,72,245,0,0,False,normal,Finance,Analyst
2025-01-07T11:13:00,alice.morgan,11,1,15,21.53,0,3,0,0,0,76,115,0,0,False,normal,Finance,Analyst
2025-01-07T09:02:00,bob.chen,9,1,37,35.47,0,3,7,1,0,46,300,0,0,False,normal,Engineering,Developer
2025-01-07T17:13:00,bob.chen,17,1,40,54.56,0,1,5,0,1,61,362,0,0,False,normal,Engineering,Developer
2025-01-07T15:45:00,bob.chen,15,1,14,17.94,0,1,2,0,0,46,472,0,0,False,normal,Engineering,Developer
2025-01-07T15:15:00,carol.davis,15,1,10,11.67,0,3,0,0,0,77,379,0,0,False,normal,HR,Manager
2025-01-07T14:49:00,carol.davis,14,1,11,30.82,0,2,2,0,0,61,124,0,0,False,normal,HR,Manager
2025-01-07T13:42:00,carol.davis,13,1,4,4.09,0,3,1,0,0,79,206,0,0,False,normal,HR,Manager
2025-01-07T18:14:00,dave.wilson,18,1,13,13.63,0,1,2,0,0,45,249,0,0,False,normal,Sales,Rep
2025-01-07T15:48:00,dave.wilson,15,1,28,35.42,0,2,3,0,0,79,306,0,0,False,normal,Sales,Rep
2025-01-07T08:02:00,eve.johnson,8,1,57,126.62,0,3,0,0,0,48,207,0,0,False,normal,IT,SysAdmin
2025-01-07T18:42:00,eve.johnson,18,1,53,154.63,0,3,5,0,0,50,429,0,0,False,normal,IT,SysAdmin
2025-01-08T12:36:00,alice.morgan,12,2,12,34.32,0,1,0,0,0,80,218,0,0,False,normal,Finance,Analyst
2025-01-08T11:46:00,alice.morgan,11,2,12,15.01,0,3,1,0,0,75,37,0,0,False,normal,Finance,Analyst
2025-01-08T15:58:00,alice.morgan,15,2,17,41.29,0,2,1,0,0,69,384,0,0,False,normal,Finance,Analyst
2025-01-08T16:43:00,bob.chen,16,2,38,75.34,0,2,2,0,0,57,326,0,0,False,normal,Engineering,Developer
2025-01-08T14:53:00,bob.chen,14,2,28,80.95,0,2,4,1,0,63,437,0,0,False,normal,Engineering,Developer
2025-01-08T09:30:00,bob.chen,9,2,52,84.39,0,1,7,0,1,84,182,0,0,False,normal,Engineering,Developer
2025-01-08T13:59:00,carol.davis,13,2,6,13.39,0,1,0,0,0,62,71,0,0,False,normal,HR,Manager
2025-01-08T12:04:00,carol.davis,12,2,5,5.88,0,1,0,0,0,51,191,0,0,False,normal,HR,Manager
2025-01-08T07:36:00,dave.wilson,7,2,19,54.29,0,1,3,0,0,68,57,0,0,False,normal,Sales,Rep
2025-01-08T13:10:00,eve.johnson,13,2,67,139.44,0,3,7,0,0,50,51,0,0,False,normal,IT,SysAdmin
2025-01-08T22:12:00,eve.johnson,22,2,26,54.21,0,2,0,0,0,63,434,0,0,False,normal,IT,SysAdmin
2025-01-08T16:03:00,eve.johnson,16,2,64,122.85,0,2,1,0,0,71,468,0,0,False,normal,IT,SysAdmin
2025-01-09T15:41:00,alice.morgan,15,3,12,6.94,0,2,2,0,0,82,386,0,0,False,normal,Finance,Analyst
2025-01-09T09:09:00,alice.morgan,9,3,13,32.85,0,1,2,0,0,55,161,0,0,False,normal,Finance,Analyst
2025-01-09T10:54:00,bob.chen,10,3,20,39.74,0,1,3,0,0,61,400,0,0,False,normal,Engineering,Developer
2025-01-09T10:21:00,carol.davis,10,3,5,7.6,0,3,0,0,0,81,36,0,0,False,normal,HR,Manager
2025-01-09T16:45:00,dave.wilson,16,3,4,5.3,0,2,1,0,1,82,342,0,0,False,normal,Sales,Rep
2025-01-09T18:48:00,dave.wilson,18,3,10,29.01,1,3,2,0,0,48,240,0,0,False,normal,Sales,Rep
2025-01-09T08:22:00,dave.wilson,8,3,24,12.04,0,3,0,0,1,66,392,0,0,False,normal,Sales,Rep
2025-01-09T19:53:00,eve.johnson,19,3,48,62.48,0,3,3,0,0,58,365,0,0,False,normal,IT,SysAdmin
2025-01-09T12:18:00,eve.johnson,12,3,48,136.76,0,2,5,0,0,70,377,0,0,False,normal,IT,SysAdmin
2025-01-09T20:01:00,eve.johnson,20,3,54,104.99,0,2,9,0,0,61,48,0,0,False,normal,IT,SysAdmin
2025-01-10T15:06:00,alice.morgan,15,4,10,11.9,0,1,1,0,0,60,355,0,0,False,normal,Finance,Analyst
2025-01-10T18:20:00,bob.chen,18,4,47,93.33,0,3,4,1,0,80,231,0,0,False,normal,Engineering,Developer
2025-01-10T14:15:00,carol.davis,14,4,7,20.86,0,2,1,0,0,63,436,0,0,False,normal,HR,Manager
2025-01-10T11:18:00,carol.davis,11,4,10,20.43,0,1,2,0,1,77,177,0,0,False,normal,HR,Manager
2025-01-10T15:32:00,dave.wilson,15,4,26,77.05,0,2,5,0,0,51,215,0,0,False,normal,Sales,Rep
2025-01-10T09:09:00,dave.wilson,9,4,22,13.72,0,2,4,1,0,50,149,0,0,False,normal,Sales,Rep
2025-01-10T12:35:00,eve.johnson,12,4,58,141.44,0,2,8,0,0,51,249,0,0,False,normal,IT,SysAdmin
2025-01-13T17:29:00,alice.morgan,17,0,13,34.43,0,3,0,0,0,64,204,0,0,False,normal,Finance,Analyst
2025-01-13T10:53:00,bob.chen,10,0,37,71.08,0,2,5,1,0,45,290,0,0,False,normal,Engineering,Developer
2025-01-13T09:49:00,carol.davis,9,0,4,6.76,0,3,0,0,0,78,325,0,0,False,normal,HR,Manager
2025-01-13T15:09:00,carol.davis,15,0,11,6.27,0,2,2,0,0,53,213,0,0,False,normal,HR,Manager
2025-01-13T13:51:00,dave.wilson,13,0,25,17.54,0,3,3,0,0,70,358,0,0,False,normal,Sales,Rep
2025-01-13T08:22:00,dave.wilson,8,0,26,68.31,0,2,0,0,0,59,123,0,0,False,normal,Sales,Rep
2025-01-13T16:28:00,dave.wilson,16,0,15,25.74,0,2,3,0,0,70,270,0,0,False,normal,Sales,Rep
2025-01-13T06:47:00,eve.johnson,6,0,44,77.27,0,1,8,0,0,82,360,0,0,False,normal,IT,SysAdmin
2025-01-13T20:06:00,eve.johnson,20,0,42,42.17,0,1,6,0,0,63,392,0,0,False,normal,IT,SysAdmin
2025-01-14T08:19:00,alice.morgan,8,1,14,12.12,0,2,1,0,0,46,405,0,0,False,normal,Finance,Analyst
2025-01-14T17:24:00,alice.morgan,17,1,13,25.51,0,1,2,0,0,47,327,0,0,False,normal,Finance,Analyst
2025-01-14T09:07:00,bob.chen,9,1,27,75.85,0,1,4,1,0,59,37,0,0,False,normal,Engineering,Developer
2025-01-14T15:39:00,bob.chen,15,1,36,37.21,0,2,2,0,0,80,371,0,0,False,normal,Engineering,Developer
2025-01-14T16:22:00,carol.davis,16,1,5,7.32,0,3,0,0,0,79,188,0,0,False,normal,HR,Manager
2025-01-14T08:44:00,carol.davis,8,1,7,6.85,0,3,1,0,0,49,384,0,0,False,normal,HR,Manager
2025-01-14T11:10:00,carol.davis,11,1,8,571.8836022974094,0,5,33,0,1,53,360,1,1,True,policy_violation,HR,Manager
2025-01-14T07:21:00,dave.wilson,7,1,29,57.32,0,2,3,1,0,64,442,0,0,False,normal,Sales,Rep
2025-01-14T17:49:00,dave.wilson,17,1,19,32.92,0,3,1,0,0,55,230,0,0,False,normal,Sales,Rep
2025-01-14T17:23:00,eve.johnson,17,1,33,55.03,0,3,6,0,0,83,354,0,0,False,normal,IT,SysAdmin
2025-01-14T11:02:00,eve.johnson,11,1,42,31.91,0,1,2,0,0,79,167,0,0,False,normal,IT,SysAdmin
2025-01-15T17:41:00,alice.morgan,17,2,12,22.94,0,2,0,0,0,50,137,0,0,False,normal,Finance,Analyst
2025-01-15T11:45:00,alice.morgan,11,2,10,21.19,0,2,0,0,0,60,316,0,0,False,normal,Finance,Analyst
2025-01-15T11:42:00,alice.morgan,11,2,9,14.4,0,1,1,0,0,47,326,0,0,False,normal,Finance,Analyst
2025-01-15T18:54:00,bob.chen,18,2,24,21.78,0,3,0,0,0,69,371,0,0,False,normal,Engineering,Developer
2025-01-15T17:45:00,bob.chen,17,2,41,39.72,0,1,4,0,0,75,172,0,0,False,normal,Engineering,Developer
2025-01-15T12:26:00,bob.chen,12,2,36,71.07,0,3,7,0,0,51,371,0,0,False,normal,Engineering,Developer
2025-01-15T15:32:00,carol.davis,15,2,5,3.9,0,1,0,0,0,65,451,0,0,False,normal,HR,Manager
2025-01-15T15:52:00,carol.davis,15,2,7,19.37,0,2,0,0,0,73,58,0,0,False,normal,HR,Manager
2025-01-15T14:07:00,carol.davis,14,2,8,13.77,0,1,0,0,0,80,187,0,0,False,normal,HR,Manager
2025-01-15T17:21:00,dave.wilson,17,2,19,14.67,0,1,1,0,0,50,443,0,0,False,normal,Sales,Rep
2025-01-15T14:06:00,dave.wilson,14,2,25,59.1,0,1,2,0,0,74,56,0,0,False,normal,Sales,Rep
2025-01-15T16:18:00,dave.wilson,16,2,15,39.16,0,3,2,0,0,77,229,0,0,False,normal,Sales,Rep
2025-01-15T14:44:00,eve.johnson,14,2,24,19.86,0,3,1,0,0,58,340,0,0,False,normal,IT,SysAdmin
2025-01-15T06:02:00,eve.johnson,6,2,65,34.24,0,1,11,0,0,84,339,0,0,False,normal,IT,SysAdmin
2025-01-16T10:55:00,alice.morgan,10,3,13,34.49,0,1,1,0,0,56,411,0,0,False,normal,Finance,Analyst
2025-01-16T09:20:00,alice.morgan,9,3,14,25.33,0,1,1,1,0,60,416,0,0,False,normal,Finance,Analyst
2025-01-16T13:05:00,alice.morgan,13,3,14,32.0,0,2,1,0,0,63,190,0,0,False,normal,Finance,Analyst
2025-01-16T00:12:00,alice.morgan,0,3,451,4611.21,0,7,225,0,1,50,116,1,0,True,data_exfiltration,Finance,Analyst
2025-01-16T09:16:00,bob.chen,9,3,27,48.35,0,3,2,1,0,58,245,0,0,False,normal,Engineering,Developer
2025-01-16T11:23:00,bob.chen,11,3,18,46.53,0,1,2,0,0,80,297,0,0,False,normal,Engineering,Developer
2025-01-16T14:04:00,bob.chen,14,3,43,30.74,0,3,3,1,0,55,110,0,0,False,normal,Engineering,Developer
2025-01-16T09:04:00,carol.davis,9,3,7,14.94,0,2,1,0,0,73,159,0,0,False,normal,HR,Manager
2025-01-16T15:23:00,carol.davis,15,3,4,7.91,0,1,0,0,0,77,144,0,0,False,normal,HR,Manager
2025-01-16T10:54:00,carol.davis,10,3,9,18.9,0,3,0,1,0,79,345,0,0,False,normal,HR,Manager
2025-01-16T12:14:00,dave.wilson,12,3,20,15.23,0,1,1,0,0,52,117,0,0,False,normal,Sales,Rep
2025-01-16T11:31:00,dave.wilson,11,3,12,16.27,0,1,0,0,0,67,75,0,0,False,normal,Sales,Rep
2025-01-16T11:29:00,dave.wilson,11,3,16,34.57,0,3,0,0,0,61,358,0,0,False,normal,Sales,Rep
2025-01-16T09:00:00,eve.johnson,9,3,31,59.22,0,3,6,1,1,66,74,0,0,False,normal,IT,SysAdmin
2025-01-17T17:42:00,alice.morgan,17,4,9,9.8,0,2,1,0,0,81,257,0,0,False,normal,Finance,Analyst
2025-01-17T13:12:00,bob.chen,13,4,33,25.07,0,1,2,0,1,68,413,0,0,False,normal,Engineering,Developer
2025-01-17T12:09:00,carol.davis,12,4,6,17.78,0,3,1,0,0,51,266,0,0,False,normal,HR,Manager
2025-01-17T16:08:00,carol.davis,16,4,9,6.12,0,2,0,0,0,85,64,0,0,False,normal,HR,Manager
2025-01-17T08:29:00,carol.davis,8,4,8,18.95,0,1,0,1,1,78,213,0,0,False,normal,HR,Manager
2025-01-17T19:28:00,dave.wilson,19,4,26,40.67,0,3,3,0,0,60,46,0,0,False,normal,Sales,Rep
2025-01-17T16:28:00,eve.johnson,16,4,64,60.6,0,2,0,0,0,80,459,0,0,False,normal,IT,SysAdmin
2025-01-17T21:31:00,eve.johnson,21,4,53,79.09,0,3,8,0,1,72,121,0,0,False,normal,IT,SysAdmin
2025-01-20T09:10:00,alice.morgan,9,0,9,17.51,0,2,0,0,0,63,272,0,0,False,normal,Finance,Analyst
2025-01-20T11:33:00,bob.chen,11,0,50,77.35,0,1,0,0,0,67,225,0,0,False,normal,Engineering,Developer
2025-01-20T12:56:00,bob.chen,12,0,34,97.43,0,2,2,0,0,45,233,0,0,False,normal,Engineering,Developer
2025-01-20T12:34:00,carol.davis,12,0,6,10.24,0,1,1,0,0,70,165,0,0,False,normal,HR,Manager
2025-01-20T03:51:00,carol.davis,3,0,467,4313.92,0,4,233,0,2,52,372,1,0,True,data_exfiltration,HR,Manager
2025-01-20T14:23:00,dave.wilson,14,0,21,61.32,0,3,2,0,0,83,474,0,0,False,normal,Sales,Rep
2025-01-20T16:29:00,eve.johnson,16,0,46,98.08,0,1,2,0,0,47,412,0,0,False,normal,IT,SysAdmin
2025-01-20T08:14:00,eve.johnson,8,0,36,102.04,0,3,5,0,0,75,84,0,0,False,normal,IT,SysAdmin
2025-01-20T18:24:00,eve.johnson,18,0,62,78.46,0,2,3,1,0,47,296,0,0,False,normal,IT,SysAdmin
2025-01-21T17:46:00,alice.morgan,17,1,14,37.33,0,2,1,0,0,61,184,0,0,False,normal,Finance,Analyst
2025-01-21T18:32:00,bob.chen,18,1,25,32.64,0,2,2,0,0,54,298,0,0,False,normal,Engineering,Developer
2025-01-21T17:14:00,bob.chen,17,1,32,45.48,0,2,6,0,0,54,273,0,0,False,normal,Engineering,Developer
2025-01-21T10:14:00,bob.chen,10,1,50,51.65,0,3,6,0,1,72,101,0,0,False,normal,Engineering,Developer
2025-01-21T16:02:00,carol.davis,16,1,6,5.4,0,2,0,0,0,64,448,0,0,False,normal,HR,Manager
2025-01-21T15:08:00,carol.davis,15,1,7,4.7,0,3,1,0,0,46,66,0,0,False,normal,HR,Manager
2025-01-21T11:01:00,carol.davis,11,1,7,4.17,0,2,0,0,0,78,268,0,0,False,normal,HR,Manager
2025-01-21T07:54:00,dave.wilson,7,1,23,22.48,0,2,3,0,0,57,52,0,0,False,normal,Sales,Rep
2025-01-21T12:02:00,dave.wilson,12,1,23,37.48,0,1,1,0,0,51,309,0,0,False,normal,Sales,Rep
2025-01-21T16:00:00,dave.wilson,16,1,20,48.48,0,1,0,0,0,69,423,0,0,False,normal,Sales,Rep
2025-01-21T21:42:00,eve.johnson,21,1,70,44.18,0,3,3,0,0,78,37,0,0,False,normal,IT,SysAdmin
2025-01-21T14:44:00,eve.johnson,14,1,57,36.74,1,1,9,1,0,80,222,0,0,False,normal,IT,SysAdmin
2025-01-21T22:03:00,eve.johnson,22,1,79,57.68,0,1,15,0,0,46,171,0,0,False,normal,IT,SysAdmin
2025-01-22T10:01:00,alice.morgan,10,2,11,28.01,0,1,1,0,0,50,303,0,0,False,normal,Finance,Analyst
2025-01-22T09:49:00,alice.morgan,9,2,11,27.76,0,2,1,0,0,85,96,0,0,False,normal,Finance,Analyst
2025-01-22T12:43:00,bob.chen,12,2,45,100.61,0,3,3,0,0,66,54,0,0,False,normal,Engineering,Developer
2025-01-22T10:33:00,bob.chen,10,2,39,38.82,0,3,2,0,0,52,57,0,0,False,normal,Engineering,Developer
2025-01-22T13:39:00,bob.chen,13,2,29,72.99,0,1,3,0,0,61,356,0,0,False,normal,Engineering,Developer
2025-01-22T08:55:00,carol.davis,8,2,4,4.72,0,1,0,0,0,61,116,0,0,False,normal,HR,Manager
2025-01-22T15:12:00,carol.davis,15,2,7,18.39,0,1,0,0,0,49,243,0,0,False,normal,HR,Manager
2025-01-22T14:44:00,dave.wilson,14,2,24,33.55,0,3,3,0,0,85,82,0,0,False,normal,Sales,Rep
2025-01-22T13:34:00,dave.wilson,13,2,22,37.93,0,1,4,0,0,69,188,0,0,False,normal,Sales,Rep
2025-01-22T20:07:00,eve.johnson,20,2,58,59.08,0,2,8,0,0,59,448,0,0,False,normal,IT,SysAdmin
2025-01-22T06:50:00,eve.johnson,6,2,31,34.7,0,3,4,0,0,72,441,0,0,False,normal,IT,SysAdmin
2025-01-22T06:50:00,eve.johnson,6,2,59,144.73,0,3,3,0,0,71,319,0,0,False,normal,IT,SysAdmin
2025-01-23T12:52:00,alice.morgan,12,3,12,8.72,0,2,1,0,0,60,208,0,0,False,normal,Finance,Analyst
2025-01-23T14:30:00,alice.morgan,14,3,14,28.8,0,3,1,0,0,52,345,0,0,False,normal,Finance,Analyst
2025-01-23T09:05:00,bob.chen,9,3,16,31.8,0,3,2,0,1,65,475,0,0,False,normal,Engineering,Developer
2025-01-23T17:04:00,bob.chen,17,3,31,84.73,0,3,6,0,0,48,335,0,0,False,normal,Engineering,Developer
2025-01-23T12:38:00,carol.davis,12,3,13,22.22,0,1,2,0,0,71,253,0,0,False,normal,HR,Manager
2025-01-23T11:13:00,carol.davis,11,3,7,10.17,0,3,0,0,0,53,260,0,0,False,normal,HR,Manager
2025-01-23T10:17:00,carol.davis,10,3,12,24.79,0,1,0,0,0,48,176,0,0,False,normal,HR,Manager
2025-01-23T08:09:00,dave.wilson,8,3,25,52.51,0,1,1,0,0,51,341,0,0,False,normal,Sales,Rep
2025-01-23T07:33:00,eve.johnson,7,3,44,64.93,0,2,3,0,0,74,211,0,0,False,normal,IT,SysAdmin
2025-01-23T20:26:00,eve.johnson,20,3,78,194.16,0,3,3,0,0,56,424,0,0,False,normal,IT,SysAdmin
2025-01-23T09:58:00,eve.johnson,9,3,63,181.06,0,2,8,0,1,62,254,0,0,False,normal,IT,SysAdmin
2025-01-24T09:58:00,alice.morgan,9,4,11,24.3,0,2,0,0,0,56,229,0,0,False,normal,Finance,Analyst
2025-01-24T18:14:00,bob.chen,18,4,33,47.87,0,2,3,0,0,80,137,0,0,False,normal,Engineering,Developer
2025-01-24T16:13:00,bob.chen,16,4,32,16.11,0,2,6,0,0,65,439,0,0,False,normal,Engineering,Developer
2025-01-24T18:00:00,bob.chen,18,4,36,81.3,0,2,1,0,0,54,475,0,0,False,normal,Engineering,Developer
2025-01-24T13:19:00,carol.davis,13,4,10,8.56,0,3,0,0,0,55,444,0,0,False,normal,HR,Manager
2025-01-24T11:54:00,dave.wilson,11,4,17,40.38,0,2,2,0,0,77,361,0,0,False,normal,Sales,Rep
2025-01-24T11:47:00,eve.johnson,11,4,51,91.97,0,2,6,0,0,47,61,0,0,False,normal,IT,SysAdmin
2025-01-24T07:34:00,eve.johnson,7,4,40,81.52,0,3,1,0,0,58,354,0,0,False,normal,IT,SysAdmin
2025-01-24T13:44:00,eve.johnson,13,4,31,16.76,0,1,6,0,0,80,190,0,0,False,normal,IT,SysAdmin
2025-01-27T17:58:00,alice.morgan,17,0,11,17.51,1,2,1,0,1,52,379,0,0,False,normal,Finance,Analyst
2025-01-27T09:09:00,alice.morgan,9,0,2,4.18,1,1,0,0,0,53,336,0,0,False,normal,Finance,Analyst
2025-01-27T10:12:00,alice.morgan,10,0,17,26.23,1,3,1,0,0,68,401,0,0,False,normal,Finance,Analyst
2025-01-27T17:50:00,bob.chen,17,0,51,81.53,0,1,7,0,0,45,237,0,0,False,normal,Engineering,Developer
2025-01-27T10:41:00,bob.chen,10,0,36,97.13,0,2,6,1,1,55,206,0,0,False,normal,Engineering,Developer
2025-01-27T14:50:00,carol.davis,14,0,5,13.79,0,1,1,0,0,47,167,0,0,False,normal,HR,Manager
2025-01-27T09:45:00,carol.davis,9,0,9,12.47,0,1,0,1,0,70,246,0,0,False,normal,HR,Manager
2025-01-27T13:44:00,dave.wilson,13,0,20,49.12,0,2,3,0,0,84,454,0,0,False,normal,Sales,Rep
2025-01-27T13:13:00,dave.wilson,13,0,15,29.09,0,3,1,0,0,73,149,0,0,False,normal,Sales,Rep
2025-01-27T11:36:00,dave.wilson,11,0,26,51.97,0,1,1,0,0,80,390,0,0,False,normal,Sales,Rep
2025-01-27T19:36:00,eve.johnson,19,0,54,49.11,0,3,8,0,0,75,438,0,0,False,normal,IT,SysAdmin
2025-01-27T17:28:00,eve.johnson,17,0,45,87.51,0,1,8,0,0,70,376,0,0,False,normal,IT,SysAdmin
2025-01-27T06:23:00,eve.johnson,6,0,53,39.59,0,3,6,0,0,62,437,0,0,False,normal,IT,SysAdmin
2025-01-28T10:19:00,alice.morgan,10,1,13,13.93,0,3,2,0,0,82,385,0,0,False,normal,Finance,Analyst
2025-01-28T12:26:00,alice.morgan,12,1,9,23.05,0,1,1,0,0,84,369,0,0,False,normal,Finance,Analyst
2025-01-28T12:23:00,bob.chen,12,1,19,45.01,0,2,0,0,0,66,473,0,0,False,normal,Engineering,Developer
2025-01-28T17:59:00,bob.chen,17,1,30,34.63,0,3,1,0,0,62,334,0,0,False,normal,Engineering,Developer
2025-01-28T10:06:00,bob.chen,10,1,47,91.72,0,3,9,0,0,47,105,0,0,False,normal,Engineering,Developer
2025-01-28T15:13:00,carol.davis,15,1,6,17.68,0,1,0,0,1,60,119,0,0,False,normal,HR,Manager
2025-01-28T11:36:00,carol.davis,11,1,8,14.97,0,1,1,0,0,79,63,0,0,False,normal,HR,Manager
2025-01-28T11:04:00,carol.davis,11,1,12,12.54,0,2,1,0,0,63,163,0,0,False,normal,HR,Manager
2025-01-28T16:59:00,dave.wilson,16,1,16,36.86,0,2,3,0,1,64,144,0,0,False,normal,Sales,Rep
2025-01-28T11:35:00,dave.wilson,11,1,21,22.86,0,3,1,0,0,53,341,0,0,False,normal,Sales,Rep
2025-01-28T10:31:00,dave.wilson,10,1,24,751.8743191854576,0,5,20,1,1,55,426,1,1,True,policy_violation,Sales,Rep
2025-01-28T21:16:00,eve.johnson,21,1,43,115.0,0,1,6,0,0,61,172,0,0,False,normal,IT,SysAdmin
2025-01-29T14:50:00,alice.morgan,14,2,12,22.75,0,1,2,0,0,67,436,0,0,False,normal,Finance,Analyst
2025-01-29T16:58:00,bob.chen,16,2,34,56.77,0,1,5,0,0,51,119,0,0,False,normal,Engineering,Developer
2025-01-29T18:49:00,bob.chen,18,2,49,101.97,0,1,4,0,0,74,33,0,0,False,normal,Engineering,Developer
2025-01-29T18:15:00,bob.chen,18,2,30,56.95,0,1,1,0,1,68,258,0,0,False,normal,Engineering,Developer
2025-01-29T15:28:00,carol.davis,15,2,5,3.41,0,2,0,0,0,50,317,0,0,False,normal,HR,Manager
2025-01-29T13:33:00,carol.davis,13,2,8,12.42,0,3,0,0,0,71,142,0,0,False,normal,HR,Manager
2025-01-29T11:07:00,carol.davis,11,2,8,17.72,0,1,0,0,0,50,214,0,0,False,normal,HR,Manager
2025-01-29T13:31:00,dave.wilson,13,2,23,42.64,0,2,1,0,1,59,116,0,0,False,normal,Sales,Rep
2025-01-29T15:22:00,dave.wilson,15,2,15,16.89,0,1,2,0,0,76,296,0,0,False,normal,Sales,Rep
2025-01-29T17:42:00,eve.johnson,17,2,53,89.56,0,3,7,0,0,56,167,0,0,False,normal,IT,SysAdmin
2025-01-30T15:40:00,alice.morgan,15,3,13,29.26,0,2,2,0,0,50,416,0,0,False,normal,Finance,Analyst
2025-01-30T12:51:00,alice.morgan,12,3,10,22.55,0,2,2,0,0,71,395,0,0,False,normal,Finance,Analyst
2025-01-30T16:37:00,alice.morgan,16,3,10,21.17,0,1,0,0,0,71,258,0,0,False,normal,Finance,Analyst
2025-01-30T14:40:00,bob.chen,14,3,19,28.07,0,3,2,0,0,70,181,0,0,False,normal,Engineering,Developer
2025-01-30T16:33:00,carol.davis,16,3,9,9.78,0,3,1,0,0,70,90,0,0,False,normal,HR,Manager
2025-01-30T13:09:00,carol.davis,13,3,11,7.06,0,1,2,0,0,80,69,0,0,False,normal,HR,Manager
2025-01-30T08:04:00,carol.davis,8,3,8,9.17,1,2,1,0,0,56,335,0,0,False,normal,HR,Manager
2025-01-30T18:23:00,dave.wilson,18,3,25,48.04,0,2,4,0,0,80,301,0,0,False,normal,Sales,Rep
2025-01-30T14:02:00,eve.johnson,14,3,37,45.37,0,1,0,0,0,45,183,0,0,False,normal,IT,SysAdmin
2025-01-31T13:49:00,alice.morgan,13,4,11,27.78,0,2,1,0,0,63,454,0,0,False,normal,Finance,Analyst
2025-01-31T10:03:00,bob.chen,10,4,20,58.63,1,3,2,0,0,54,392,0,0,False,normal,Engineering,Developer
2025-01-31T18:48:00,bob.chen,18,4,60,86.06,0,2,2,0,0,77,300,0,0,False,normal,Engineering,Developer
2025-01-31T14:13:00,carol.davis,14,4,5,13.14,0,2,0,0,0,47,170,0,0,False,normal,HR,Manager
2025-01-31T11:27:00,carol.davis,11,4,7,11.35,0,2,1,0,0,70,196,0,0,False,normal,HR,Manager
2025-01-31T09:34:00,carol.davis,9,4,9,19.69,0,1,0,0,0,72,64,0,0,False,normal,HR,Manager
2025-01-31T14:36:00,dave.wilson,14,4,14,14.73,0,3,2,0,0,80,365,0,0,False,normal,Sales,Rep
2025-01-31T10:11:00,eve.johnson,10,4,54,118.75,0,3,5,0,0,64,450,0,0,False,normal,IT,SysAdmin
2025-02-03T15:08:00,alice.morgan,15,0,15,24.09,0,2,1,0,1,56,246,0,0,False,normal,Finance,Analyst
2025-02-03T11:30:00,alice.morgan,11,0,9,11.31,1,3,1,0,0,67,328,0,0,False,normal,Finance,Analyst
2025-02-03T15:31:00,bob.chen,15,0,40,47.5,0,2,1,0,0,77,117,0,0,False,normal,Engineering,Developer
2025-02-03T18:07:00,bob.chen,18,0,25,42.91,1,3,1,0,0,56,55,0,0,False,normal,Engineering,Developer
2025-02-03T18:53:00,bob.chen,18,0,39,42.25,0,1,3,0,0,49,300,0,0,False,normal,Engineering,Developer
2025-02-03T13:25:00,carol.davis,13,0,7,14.95,0,1,0,0,1,72,342,0,0,False,normal,HR,Manager
2025-02-03T13:47:00,carol.davis,13,0,8,8.65,0,1,1,1,0,74,257,0,0,False,normal,HR,Manager
2025-02-03T16:52:00,carol.davis,16,0,9,25.58,0,2,1,0,0,52,62,0,0,False,normal,HR,Manager
2025-02-03T03:19:00,carol.davis,3,0,206,2240.28,0,7,103,0,1,52,63,1,0,True,data_exfiltration,HR,Manager
2025-02-03T18:03:00,dave.wilson,18,0,15,34.23,0,1,0,0,0,50,30,0,0,False,normal,Sales,Rep
2025-02-03T08:22:00,eve.johnson,8,0,47,140.56,0,3,3,0,0,57,420,0,0,False,normal,IT,SysAdmin
2025-02-03T07:56:00,eve.johnson,7,0,52,58.89,0,3,5,0,1,51,300,0,0,False,normal,IT,SysAdmin
2025-02-03T10:35:00,eve.johnson,10,0,56,70.48,0,1,10,0,0,60,478,0,0,False,normal,IT,SysAdmin
2025-02-04T16:37:00,alice.morgan,16,1,9,13.49,0,2,1,0,0,67,114,0,0,False,normal,Finance,Analyst
2025-02-04T09:13:00,bob.chen,9,1,32,20.13,0,1,5,0,0,64,178,0,0,False,normal,Engineering,Developer
2025-02-04T10:14:00,bob.chen,10,1,35,78.97,0,3,5,1,1,57,408,0,0,False,normal,Engineering,Developer
2025-02-04T13:02:00,bob.chen,13,1,37,68.74,0,2,7,0,0,69,70,0,0,False,normal,Engineering,Developer
2025-02-04T14:07:00,carol.davis,14,1,7,19.55,0,2,0,0,0,60,335,0,0,False,normal,HR,Manager
2025-02-04T08:31:00,carol.davis,8,1,8,18.23,0,3,1,0,1,66,96,0,0,False,normal,HR,Manager
2025-02-04T17:03:00,dave.wilson,17,1,25,45.33,0,1,4,0,0,62,388,0,0,False,normal,Sales,Rep
2025-02-04T22:57:00,dave.wilson,22,1,25,0.1,0,2,2,21,0,69,208,1,0,True,sabotage,Sales,Rep
2025-02-04T19:24:00,eve.johnson,19,1,44,30.59,0,2,8,1,0,67,387,0,0,False,normal,IT,SysAdmin
2025-02-05T08:42:00,alice.morgan,8,2,9,20.28,0,1,0,1,0,61,181,0,0,False,normal,Finance,Analyst
2025-02-05T10:43:00,bob.chen,10,2,27,24.46,0,1,5,0,0,85,408,0,0,False,normal,Engineering,Developer
2025-02-05T13:43:00,bob.chen,13,2,43,80.2,0,3,5,0,0,51,141,0,0,False,normal,Engineering,Developer
2025-02-05T15:51:00,bob.chen,15,2,21,12.51,0,1,4,0,0,56,466,0,0,False,normal,Engineering,Developer
2025-02-05T11:08:00,carol.davis,11,2,5,2.71,0,1,1,0,0,77,275,0,0,False,normal,HR,Manager
2025-02-05T15:09:00,carol.davis,15,2,8,8.64,1,1,1,0,1,63,460,0,0,False,normal,HR,Manager
2025-02-05T10:10:00,dave.wilson,10,2,13,15.38,0,1,1,0,0,70,59,0,0,False,normal,Sales,Rep
2025-02-05T19:12:00,dave.wilson,19,2,15,31.34,0,2,2,0,0,62,93,0,0,False,normal,Sales,Rep
2025-02-05T11:11:00,dave.wilson,11,2,23,16.57,0,3,3,0,1,59,137,0,0,False,normal,Sales,Rep
2025-02-05T19:13:00,eve.johnson,19,2,67,197.78,0,3,7,0,0,51,178,0,0,False,normal,IT,SysAdmin
2025-02-05T22:55:00,eve.johnson,22,2,45,42.19,0,3,9,0,0,58,134,0,0,False,normal,IT,SysAdmin
2025-02-06T09:21:00,alice.morgan,9,3,21,42.31,0,1,2,0,0,65,124,0,0,False,normal,Finance,Analyst
2025-02-06T17:26:00,alice.morgan,17,3,5,4.12,0,1,0,0,1,62,364,0,0,False,normal,Finance,Analyst
2025-02-06T16:20:00,alice.morgan,16,3,8,19.12,0,1,1,0,0,77,164,0,0,False,normal,Finance,Analyst
2025-02-06T13:36:00,bob.chen,13,3,39,95.89,0,2,1,0,1,67,246,0,0,False,normal,Engineering,Developer
2025-02-06T13:49:00,carol.davis,13,3,8,20.39,0,3,0,0,0,77,372,0,0,False,normal,HR,Manager
2025-02-06T08:48:00,carol.davis,8,3,8,20.46,0,1,1,0,0,53,416,0,0,False,normal,HR,Manager
2025-02-06T08:58:00,carol.davis,8,3,4,9.27,0,2,0,0,0,55,373,0,0,False,normal,HR,Manager
2025-02-06T11:51:00,dave.wilson,11,3,24,59.37,0,2,2,1,0,66,323,0,0,False,normal,Sales,Rep
2025-02-06T07:00:00,dave.wilson,7,3,21,12.35,0,2,2,0,0,79,352,0,0,False,normal,Sales,Rep
2025-02-06T08:04:00,dave.wilson,8,3,17,12.07,0,1,0,0,1,71,413,0,0,False,normal,Sales,Rep
2025-02-06T21:03:00,eve.johnson,21,3,47,74.19,0,2,5,0,0,46,323,0,0,False,normal,IT,SysAdmin
2025-02-06T14:41:00,eve.johnson,14,3,54,124.35,0,2,10,0,0,71,161,0,0,False,normal,IT,SysAdmin
2025-02-07T11:57:00,alice.morgan,11,4,16,20.64,0,2,0,0,0,84,290,0,0,False,normal,Finance,Analyst
2025-02-07T14:27:00,alice.morgan,14,4,17,30.56,0,2,1,0,0,84,216,0,0,False,normal,Finance,Analyst
2025-02-07T17:37:00,bob.chen,17,4,40,104.51,0,1,8,0,0,82,246,0,0,False,normal,Engineering,Developer
2025-02-07T15:23:00,carol.davis,15,4,8,8.55,0,3,0,0,1,74,384,0,0,False,normal,HR,Manager
2025-02-07T17:37:00,dave.wilson,17,4,13,15.28,0,1,0,0,0,48,406,0,0,False,normal,Sales,Rep
2025-02-07T19:35:00,dave.wilson,19,4,19,13.38,0,3,1,1,0,78,379,0,0,False,normal,Sales,Rep
2025-02-07T12:45:00,dave.wilson,12,4,15,20.32,0,3,1,0,0,58,264,0,0,False,normal,Sales,Rep
2025-02-07T15:16:00,eve.johnson,15,4,82,105.82,0,2,9,0,0,79,223,0,0,False,normal,IT,SysAdmin
2025-02-07T14:40:00,eve.johnson,14,4,35,66.33,0,2,5,0,0,52,237,0,0,False,normal,IT,SysAdmin
2025-02-10T16:35:00,alice.morgan,16,0,14,35.15,0,3,2,0,1,83,101,0,0,False,normal,Finance,Analyst
2025-02-10T15:12:00,alice.morgan,15,0,9,11.32,0,2,1,0,0,59,167,0,0,False,normal,Finance,Analyst
2025-02-10T13:01:00,alice.morgan,13,0,15,44.97,0,2,3,1,0,83,79,0,0,False,normal,Finance,Analyst
2025-02-10T14:29:00,bob.chen,14,0,18,14.88,1,1,3,0,0,59,74,0,0,False,normal,Engineering,Developer
2025-02-10T12:55:00,bob.chen,12,0,39,96.1,0,1,7,0,0,60,307,0,0,False,normal,Engineering,Developer
2025-02-10T15:06:00,bob.chen,15,0,46,74.83,1,3,6,0,0,72,167,0,0,False,normal,Engineering,Developer
2025-02-10T09:46:00,carol.davis,9,0,7,8.47,0,1,0,0,0,57,39,0,0,False,normal,HR,Manager
2025-02-10T14:07:00,carol.davis,14,0,10,15.27,0,1,2,0,0,53,89,0,0,False,normal,HR,Manager
2025-02-10T16:58:00,carol.davis,16,0,4,4.36,0,3,1,0,0,73,318,0,0,False,normal,HR,Manager
2025-02-10T09:06:00,dave.wilson,9,0,18,46.61,0,3,0,0,0,78,221,0,0,False,normal,Sales,Rep
2025-02-10T09:52:00,dave.wilson,9,0,30,84.3,0,1,2,1,0,63,201,0,0,False,normal,Sales,Rep
2025-02-10T18:09:00,dave.wilson,18,0,26,41.71,0,2,1,0,0,61,222,0,0,False,normal,Sales,Rep
2025-02-10T07:18:00,eve.johnson,7,0,61,80.82,0,3,8,0,0,74,226,0,0,False,normal,IT,SysAdmin
2025-02-10T17:36:00,eve.johnson,17,0,45,121.79,0,2,0,0,0,54,49,0,0,False,normal,IT,SysAdmin
2025-02-11T13:04:00,alice.morgan,13,1,12,19.59,0,1,1,0,0,78,320,0,0,False,normal,Finance,Analyst
2025-02-11T17:21:00,bob.chen,17,1,16,47.15,0,2,3,1,0,75,361,0,0,False,normal,Engineering,Developer
2025-02-11T18:03:00,bob.chen,18,1,35,87.48,0,1,2,0,0,79,159,0,0,False,normal,Engineering,Developer
2025-02-11T11:09:00,bob.chen,11,1,21,29.32,0,2,2,1,1,49,394,0,0,False,normal,Engineering,Developer
2025-02-11T11:50:00,carol.davis,11,1,8,23.49,0,2,0,0,0,68,363,0,0,False,normal,HR,Manager
2025-02-11T16:17:00,carol.davis,16,1,10,28.69,0,1,2,0,0,63,296,0,0,False,normal,HR,Manager
2025-02-11T10:37:00,carol.davis,10,1,6,17.99,0,1,0,0,0,54,30,0,0,False,normal,HR,Manager
2025-02-11T15:06:00,dave.wilson,15,1,19,30.28,0,3,1,0,0,65,145,0,0,False,normal,Sales,Rep
2025-02-11T21:18:00,eve.johnson,21,1,38,55.78,1,1,7,1,0,79,452,0,0,False,normal,IT,SysAdmin
2025-02-11T21:18:00,eve.johnson,21,1,52,132.47,0,2,2,0,0,64,346,0,0,False,normal,IT,SysAdmin
2025-02-12T12:28:00,alice.morgan,12,2,11,30.96,0,3,0,0,0,67,317,0,0,False,normal,Finance,Analyst
2025-02-12T08:33:00,alice.morgan,8,2,5,3.85,1,3,0,0,0,78,376,0,0,False,normal,Finance,Analyst
2025-02-12T11:28:00,alice.morgan,11,2,9,16.61,0,3,1,0,1,62,469,0,0,False,normal,Finance,Analyst
2025-02-12T15:53:00,bob.chen,15,2,34,59.02,0,1,6,0,0,68,168,0,0,False,normal,Engineering,Developer
2025-02-12T16:54:00,bob.chen,16,2,26,57.33,0,1,5,0,0,50,263,0,0,False,normal,Engineering,Developer
2025-02-12T13:23:00,bob.chen,13,2,34,27.83,0,3,3,1,1,48,88,0,0,False,normal,Engineering,Developer
2025-02-12T10:08:00,carol.davis,10,2,7,7.18,0,1,0,0,0,64,180,0,0,False,normal,HR,Manager
2025-02-12T14:23:00,carol.davis,14,2,9,15.76,0,3,0,0,0,79,267,0,0,False,normal,HR,Manager
2025-02-12T12:33:00,carol.davis,12,2,6,8.76,0,1,1,0,0,83,162,0,0,False,normal,HR,Manager
2025-02-12T18:20:00,dave.wilson,18,2,10,5.57,0,3,2,0,0,51,237,0,0,False,normal,Sales,Rep
2025-02-12T19:14:00,dave.wilson,19,2,30,76.23,0,3,5,0,0,68,348,0,0,False,normal,Sales,Rep
2025-02-12T20:16:00,eve.johnson,20,2,79,40.71,0,1,1,1,0,81,395,0,0,False,normal,IT,SysAdmin
2025-02-12T11:36:00,eve.johnson,11,2,35,17.88,0,1,5,0,0,82,403,0,0,False,normal,IT,SysAdmin
2025-02-12T20:29:00,eve.johnson,20,2,34,60.84,0,3,3,0,0,56,356,0,0,False,normal,IT,SysAdmin
2025-02-13T10:50:00,alice.morgan,10,3,10,20.73,0,1,0,0,1,79,60,0,0,False,normal,Finance,Analyst
2025-02-13T13:11:00,bob.chen,13,3,25,59.49,0,3,1,0,0,74,168,0,0,False,normal,Engineering,Developer
2025-02-13T11:38:00,carol.davis,11,3,5,13.07,0,2,1,0,0,64,288,0,0,False,normal,HR,Manager
2025-02-13T09:50:00,carol.davis,9,3,11,32.89,0,2,1,0,0,73,284,0,0,False,normal,HR,Manager
2025-02-13T16:23:00,carol.davis,16,3,4,5.4,0,2,1,0,0,56,451,0,0,False,normal,HR,Manager
2025-02-13T10:08:00,dave.wilson,10,3,8,20.69,0,2,1,0,0,76,340,0,0,False,normal,Sales,Rep
2025-02-13T07:55:00,dave.wilson,7,3,18,24.81,0,1,3,0,0,71,394,0,0,False,normal,Sales,Rep
2025-02-13T13:04:00,dave.wilson,13,3,20,15.85,0,1,4,0,0,79,246,0,0,False,normal,Sales,Rep
2025-02-13T15:23:00,eve.johnson,15,3,53,109.62,0,1,2,0,0,57,246,0,0,False,normal,IT,SysAdmin
2025-02-13T10:25:00,eve.johnson,10,3,46,39.1,0,2,0,0,0,49,434,0,0,False,normal,IT,SysAdmin
2025-02-14T14:23:00,alice.morgan,14,4,10,18.86,0,2,1,0,0,73,212,0,0,False,normal,Finance,Analyst
2025-02-14T12:46:00,alice.morgan,12,4,17,34.16,0,1,1,0,0,64,234,0,0,False,normal,Finance,Analyst
2025-02-14T08:42:00,alice.morgan,8,4,11,30.54,0,2,0,0,0,62,143,0,0,False,normal,Finance,Analyst
2025-02-14T16:03:00,bob.chen,16,4,29,65.74,0,1,2,0,0,66,287,0,0,False,normal,Engineering,Developer
2025-02-14T11:14:00,carol.davis,11,4,8,19.3,0,1,0,0,0,72,324,0,0,False,normal,HR,Manager
2025-02-14T11:27:00,dave.wilson,11,4,19,45.86,0,3,0,0,0,47,381,0,0,False,normal,Sales,Rep
2025-02-14T19:13:00,dave.wilson,19,4,8,14.21,0,1,0,1,1,64,79,0,0,False,normal,Sales,Rep
2025-02-14T07:52:00,eve.johnson,7,4,63,155.38,0,2,6,0,0,53,107,0,0,False,normal,IT,SysAdmin
2025-02-17T15:26:00,alice.morgan,15,0,15,27.76,0,2,1,0,0,62,461,0,0,False,normal,Finance,Analyst
2025-02-17T14:32:00,alice.morgan,14,0,4,3.4,0,1,1,0,0,85,95,0,0,False,normal,Finance,Analyst
2025-02-17T15:43:00,alice.morgan,15,0,15,30.56,0,1,1,0,0,78,232,0,0,False,normal,Finance,Analyst
2025-02-17T12:10:00,bob.chen,12,0,27,69.46,0,2,4,0,0,47,191,0,0,False,normal,Engineering,Developer
2025-02-17T16:30:00,carol.davis,16,0,9,25.6,0,1,0,0,0,48,173,0,0,False,normal,HR,Manager
2025-02-17T13:29:00,dave.wilson,13,0,28,47.45,0,3,0,0,0,62,55,0,0,False,normal,Sales,Rep
2025-02-17T20:49:00,eve.johnson,20,0,58,113.68,0,1,6,1,0,63,462,0,0,False,normal,IT,SysAdmin
2025-02-17T09:52:00,eve.johnson,9,0,56,161.73,0,2,0,0,0,62,118,0,0,False,normal,IT,SysAdmin
2025-02-17T13:37:00,eve.johnson,13,0,55,131.82,0,2,6,0,0,64,321,0,0,False,normal,IT,SysAdmin
2025-02-18T13:13:00,alice.morgan,13,1,9,20.99,0,1,1,0,0,78,141,0,0,False,normal,Finance,Analyst
2025-02-18T11:16:00,bob.chen,11,1,25,67.05,0,2,4,0,0,53,170,0,0,False,normal,Engineering,Developer
2025-02-18T11:47:00,bob.chen,11,1,38,20.56,0,3,1,0,0,54,332,0,0,False,normal,Engineering,Developer
2025-02-18T14:19:00,carol.davis,14,1,9,22.98,0,3,0,1,0,55,376,0,0,False,normal,HR,Manager
2025-02-18T10:26:00,carol.davis,10,1,2,4.09,0,2,0,0,0,46,316,0,0,False,normal,HR,Manager
2025-02-18T14:08:00,carol.davis,14,1,4,5.28,0,1,1,0,0,77,391,0,0,False,normal,HR,Manager
2025-02-18T10:03:00,dave.wilson,10,1,17,40.89,0,2,3,0,0,58,71,0,0,False,normal,Sales,Rep
2025-02-18T06:25:00,eve.johnson,6,1,55,150.62,0,2,5,0,0,48,336,0,0,False,normal,IT,SysAdmin
2025-02-18T10:10:00,eve.johnson,10,1,47,69.88,0,2,5,0,0,47,390,0,0,False,normal,IT,SysAdmin
2025-02-18T10:20:00,eve.johnson,10,1,48,102.02,0,1,2,0,0,79,401,0,0,False,normal,IT,SysAdmin
2025-02-19T14:52:00,alice.morgan,14,2,16,8.12,1,1,3,0,0,64,205,0,0,False,normal,Finance,Analyst
2025-02-19T12:01:00,bob.chen,12,2,19,25.12,0,2,0,0,0,52,308,0,0,False,normal,Engineering,Developer
2025-02-19T17:02:00,bob.chen,17,2,36,96.95,0,3,6,0,0,57,230,0,0,False,normal,Engineering,Developer
2025-02-19T10:13:00,carol.davis,10,2,7,4.63,0,2,0,0,0,62,422,0,0,False,normal,HR,Manager
2025-02-19T11:25:00,carol.davis,11,2,6,12.52,0,3,0,0,0,77,372,0,0,False,normal,HR,Manager
2025-02-19T09:35:00,carol.davis,9,2,6,13.75,0,2,0,0,0,46,430,0,0,False,normal,HR,Manager
2025-02-19T18:02:00,dave.wilson,18,2,12,22.77,0,3,2,0,0,47,377,0,0,False,normal,Sales,Rep
2025-02-19T18:20:00,dave.wilson,18,2,28,14.7,0,3,3,0,0,52,340,0,0,False,normal,Sales,Rep
2025-02-19T13:02:00,eve.johnson,13,2,23,52.84,0,2,1,0,0,59,38,0,0,False,normal,IT,SysAdmin
2025-02-19T21:32:00,eve.johnson,21,2,17,24.49,0,1,1,0,0,83,143,0,0,False,normal,IT,SysAdmin
2025-02-20T14:14:00,alice.morgan,14,3,8,15.48,0,1,1,0,1,75,129,0,0,False,normal,Finance,Analyst
2025-02-20T16:10:00,alice.morgan,16,3,10,15.51,0,1,2,0,0,66,134,0,0,False,normal,Finance,Analyst
2025-02-20T16:09:00,alice.morgan,16,3,11,17.58,0,3,2,0,0,70,96,0,0,False,normal,Finance,Analyst
2025-02-20T10:35:00,bob.chen,10,3,32,82.45,0,3,2,0,0,49,165,0,0,False,normal,Engineering,Developer
2025-02-20T11:07:00,carol.davis,11,3,5,6.61,0,2,0,0,0,67,211,0,0,False,normal,HR,Manager
2025-02-20T12:45:00,carol.davis,12,3,9,11.22,0,1,1,0,0,67,76,0,0,False,normal,HR,Manager
2025-02-20T15:12:00,carol.davis,15,3,10,10.85,0,2,0,0,0,63,209,0,0,False,normal,HR,Manager
2025-02-20T07:13:00,dave.wilson,7,3,17,13.77,0,1,1,0,1,80,340,0,0,False,normal,Sales,Rep
2025-02-20T10:56:00,eve.johnson,10,3,47,29.05,0,1,1,0,0,75,423,0,0,False,normal,IT,SysAdmin
2025-02-20T06:20:00,eve.johnson,6,3,32,20.57,0,1,5,0,0,82,428,0,0,False,normal,IT,SysAdmin
2025-02-20T10:15:00,eve.johnson,10,3,45,90.12,0,2,7,0,0,53,340,0,0,False,normal,IT,SysAdmin
2025-02-21T09:33:00,alice.morgan,9,4,8,5.08,0,2,0,0,0,66,273,0,0,False,normal,Finance,Analyst
2025-02-21T16:00:00,alice.morgan,16,4,9,9.93,0,3,0,0,0,47,126,0,0,False,normal,Finance,Analyst
2025-02-21T17:45:00,bob.chen,17,4,43,92.1,0,3,4,0,0,77,311,0,0,False,normal,Engineering,Developer
2025-02-21T15:58:00,bob.chen,15,4,23,55.15,0,1,0,1,1,71,253,0,0,False,normal,Engineering,Developer
2025-02-21T13:56:00,carol.davis,13,4,11,8.81,0,3,2,0,0,62,46,0,0,False,normal,HR,Manager
2025-02-21T08:07:00,carol.davis,8,4,5,11.38,0,2,0,0,0,48,334,0,0,False,normal,HR,Manager
2025-02-21T16:30:00,carol.davis,16,4,8,7.76,0,2,1,0,0,69,350,0,0,False,normal,HR,Manager
2025-02-21T11:27:00,dave.wilson,11,4,20,17.86,0,3,2,0,0,52,360,0,0,False,normal,Sales,Rep
2025-02-21T10:26:00,dave.wilson,10,4,25,74.27,0,3,5,0,0,77,347,0,0,False,normal,Sales,Rep
2025-02-21T12:18:00,eve.johnson,12,4,32,86.1,0,1,1,0,0,75,298,0,0,False,normal,IT,SysAdmin
2025-02-21T06:27:00,eve.johnson,6,4,54,57.75,0,1,5,0,0,50,442,0,0,False,normal,IT,SysAdmin
2025-02-21T14:26:00,eve.johnson,14,4,68,136.33,0,2,3,0,0,51,173,0,0,False,normal,IT,SysAdmin
2025-02-24T09:36:00,alice.morgan,9,0,10,21.12,0,3,2,0,0,79,272,0,0,False,normal,Finance,Analyst
2025-02-24T15:25:00,alice.morgan,15,0,10,16.84,0,3,1,0,0,51,307,0,0,False,normal,Finance,Analyst
2025-02-24T18:13:00,bob.chen,18,0,22,20.13,0,1,1,0,0,69,101,0,0,False,normal,Engineering,Developer
2025-02-24T10:53:00,carol.davis,10,0,8,8.02,1,2,0,0,0,71,51,0,0,False,normal,HR,Manager
2025-02-24T12:41:00,dave.wilson,12,0,24,15.15,0,3,3,0,0,78,364,0,0,False,normal,Sales,Rep
2025-02-24T17:01:00,dave.wilson,17,0,14,40.85,0,1,1,0,0,52,115,0,0,False,normal,Sales,Rep
2025-02-24T19:23:00,dave.wilson,19,0,20,13.46,0,2,0,0,0,73,256,0,0,False,normal,Sales,Rep
2025-02-24T08:16:00,eve.johnson,8,0,54,29.31,0,2,10,1,0,69,206,0,0,False,normal,IT,SysAdmin
2025-02-24T11:47:00,eve.johnson,11,0,28,65.68,0,2,1,0,0,53,81,0,0,False,normal,IT,SysAdmin
2025-02-25T09:25:00,alice.morgan,9,1,13,26.34,0,1,0,0,0,71,442,0,0,False,normal,Finance,Analyst
2025-02-25T18:17:00,bob.chen,18,1,40,57.42,0,1,4,0,0,49,346,0,0,False,normal,Engineering,Developer
2025-02-25T14:23:00,bob.chen,14,1,33,45.38,1,1,2,0,0,68,470,0,0,False,normal,Engineering,Developer
2025-02-25T17:51:00,bob.chen,17,1,36,35.92,0,2,5,0,0,63,134,0,0,False,normal,Engineering,Developer
2025-02-25T14:03:00,carol.davis,14,1,5,8.25,0,3,0,0,0,49,391,0,0,False,normal,HR,Manager
2025-02-25T13:28:00,carol.davis,13,1,6,6.07,0,2,0,0,0,62,104,0,0,False,normal,HR,Manager
2025-02-25T14:39:00,dave.wilson,14,1,24,69.99,0,3,3,0,0,80,375,0,0,False,normal,Sales,Rep
2025-02-25T16:36:00,dave.wilson,16,1,18,53.8,0,2,3,0,0,67,252,0,0,False,normal,Sales,Rep
2025-02-25T19:22:00,eve.johnson,19,1,48,26.78,0,1,9,0,0,68,162,0,0,False,normal,IT,SysAdmin
2025-02-26T10:59:00,alice.morgan,10,2,20,14.57,0,1,2,0,0,47,222,0,0,False,normal,Finance,Analyst
2025-02-26T16:45:00,alice.morgan,16,2,7,3.93,0,2,1,0,0,56,105,0,0,False,normal,Finance,Analyst
2025-02-26T09:29:00,alice.morgan,9,2,12,10.02,0,2,1,0,0,80,220,0,0,False,normal,Finance,Analyst
2025-02-26T14:55:00,alice.morgan,14,2,12,701.7446896852014,0,5,32,0,1,85,344,1,1,True,policy_violation,Finance,Analyst
2025-02-26T18:04:00,bob.chen,18,2,35,58.09,0,3,4,0,0,71,418,0,0,False,normal,Engineering,Developer
2025-02-26T18:32:00,bob.chen,18,2,43,92.2,0,1,5,1,0,68,176,0,0,False,normal,Engineering,Developer
2025-02-26T09:11:00,carol.davis,9,2,11,29.67,0,1,2,0,0,57,321,0,0,False,normal,HR,Manager
2025-02-26T12:12:00,carol.davis,12,2,10,26.92,0,3,1,0,0,58,250,0,0,False,normal,HR,Manager
2025-02-26T12:32:00,dave.wilson,12,2,17,49.04,0,1,0,0,0,62,157,0,0,False,normal,Sales,Rep
2025-02-26T07:23:00,eve.johnson,7,2,51,68.81,0,2,9,0,0,60,476,0,0,False,normal,IT,SysAdmin
2025-02-27T10:18:00,alice.morgan,10,3,13,17.43,1,1,0,0,0,45,68,0,0,False,normal,Finance,Analyst
2025-02-27T18:27:00,bob.chen,18,3,40,116.71,0,3,3,0,0,63,39,0,0,False,normal,Engineering,Developer
2025-02-27T11:40:00,carol.davis,11,3,6,11.14,0,2,0,0,0,82,373,0,0,False,normal,HR,Manager
2025-02-27T12:59:00,carol.davis,12,3,10,21.75,0,1,1,0,0,77,197,0,0,False,normal,HR,Manager
2025-02-27T07:33:00,dave.wilson,7,3,15,13.48,0,1,3,0,0,51,458,0,0,False,normal,Sales,Rep
2025-02-27T18:38:00,eve.johnson,18,3,16,45.96,0,2,1,0,0,66,317,0,0,False,normal,IT,SysAdmin
2025-02-27T07:33:00,eve.johnson,7,3,70,208.92,0,2,12,0,0,58,450,0,0,False,normal,IT,SysAdmin
2025-02-27T08:14:00,eve.johnson,8,3,40,99.26,0,3,7,0,0,49,453,0,0,False,normal,IT,SysAdmin
2025-02-28T16:58:00,alice.morgan,16,4,15,24.86,0,3,2,0,0,79,101,0,0,False,normal,Finance,Analyst
2025-02-28T11:50:00,alice.morgan,11,4,16,38.63,0,3,3,0,0,46,331,0,0,False,normal,Finance,Analyst
2025-02-28T10:04:00,alice.morgan,10,4,12,24.44,0,2,0,0,0,62,160,0,0,False,normal,Finance,Analyst
2025-02-28T13:21:00,bob.chen,13,4,29,24.99,0,3,2,0,0,57,265,0,0,False,normal,Engineering,Developer
2025-02-28T13:37:00,bob.chen,13,4,45,46.16,0,1,9,0,0,79,252,0,0,False,normal,Engineering,Developer
2025-02-28T11:28:00,carol.davis,11,4,11,24.53,1,2,0,1,0,60,351,0,0,False,normal,HR,Manager
2025-02-28T08:11:00,carol.davis,8,4,8,9.6,0,1,0,0,0,84,368,0,0,False,normal,HR,Manager
2025-02-28T12:06:00,dave.wilson,12,4,13,9.04,0,1,2,0,0,75,71,0,0,False,normal,Sales,Rep
2025-02-28T13:49:00,dave.wilson,13,4,22,61.69,0,2,2,0,0,45,261,0,0,False,normal,Sales,Rep
2025-02-28T12:21:00,dave.wilson,12,4,35,58.01,0,3,4,0,0,61,449,0,0,False,normal,Sales,Rep
2025-02-28T17:13:00,eve.johnson,17,4,60,171.27,0,2,12,1,0,54,424,0,0,False,normal,IT,SysAdmin
2025-02-28T18:43:00,eve.johnson,18,4,43,28.18,0,3,2,0,1,62,42,0,0,False,normal,IT,SysAdmin
2025-03-03T13:27:00,alice.morgan,13,0,13,24.47,0,1,1,0,0,50,110,0,0,False,normal,Finance,Analyst
2025-03-03T08:15:00,alice.morgan,8,0,9,16.85,0,2,0,0,0,70,172,0,0,False,normal,Finance,Analyst
2025-03-03T14:45:00,alice.morgan,14,0,16,9.22,0,3,3,0,0,84,397,0,0,False,normal,Finance,Analyst
2025-03-03T10:05:00,bob.chen,10,0,41,66.74,0,3,5,0,0,81,190,0,0,False,normal,Engineering,Developer
2025-03-03T18:53:00,bob.chen,18,0,18,37.87,1,1,3,0,0,54,292,0,0,False,normal,Engineering,Developer
2025-03-03T09:02:00,bob.chen,9,0,36,57.46,0,3,4,0,0,51,352,0,0,False,normal,Engineering,Developer
2025-03-03T13:10:00,carol.davis,13,0,6,10.47,0,2,1,1,0,47,390,0,0,False,normal,HR,Manager
2025-03-03T10:15:00,dave.wilson,10,0,25,41.26,0,3,5,0,0,58,140,0,0,False,normal,Sales,Rep
2025-03-03T18:01:00,dave.wilson,18,0,20,46.96,0,3,3,1,0,59,427,0,0,False,normal,Sales,Rep
2025-03-03T19:56:00,eve.johnson,19,0,35,31.17,0,2,1,0,0,69,250,0,0,False,normal,IT,SysAdmin
2025-03-03T18:39:00,eve.johnson,18,0,41,121.55,0,3,2,0,0,64,476,0,0,False,normal,IT,SysAdmin
2025-03-04T09:25:00,alice.morgan,9,1,7,11.0,1,3,1,1,0,67,463,0,0,False,normal,Finance,Analyst
2025-03-04T14:11:00,alice.morgan,14,1,9,8.68,0,3,0,0,0,76,306,0,0,False,normal,Finance,Analyst
2025-03-04T17:55:00,bob.chen,17,1,40,101.14,0,2,8,0,0,48,78,0,0,False,normal,Engineering,Developer
2025-03-04T17:03:00,bob.chen,17,1,39,116.47,0,2,5,1,0,84,419,0,0,False,normal,Engineering,Developer
2025-03-04T12:05:00,carol.davis,12,1,11,19.48,0,1,2,0,1,58,102,0,0,False,normal,HR,Manager
2025-03-04T10:36:00,carol.davis,10,1,5,7.77,0,1,0,0,0,78,30,0,0,False,normal,HR,Manager
2025-03-04T17:22:00,dave.wilson,17,1,23,14.69,0,1,2,0,0,81,361,0,0,False,normal,Sales,Rep
2025-03-04T07:38:00,eve.johnson,7,1,81,210.21,0,2,7,0,0,51,338,0,0,False,normal,IT,SysAdmin
2025-03-04T19:49:00,eve.johnson,19,1,35,26.81,0,2,4,0,0,81,199,0,0,False,normal,IT,SysAdmin
2025-03-05T14:21:00,alice.morgan,14,2,9,23.15,0,2,1,0,0,65,123,0,0,False,normal,Finance,Analyst
2025-03-05T09:44:00,alice.morgan,9,2,9,5.96,0,3,0,0,0,71,195,0,0,False,normal,Finance,Analyst
2025-03-05T09:24:00,alice.morgan,9,2,13,33.44,0,1,1,0,0,68,368,0,0,False,normal,Finance,Analyst
2025-03-05T12:55:00,bob.chen,12,2,35,97.76,0,1,7,0,0,74,331,0,0,False,normal,Engineering,Developer
2025-03-05T16:14:00,carol.davis,16,2,10,12.21,0,1,1,0,0,75,112,0,0,False,normal,HR,Manager
2025-03-05T13:34:00,carol.davis,13,2,7,10.79,0,2,1,0,0,76,391,0,0,False,normal,HR,Manager
2025-03-05T10:07:00,dave.wilson,10,2,9,14.14,0,1,1,0,0,46,214,0,0,False,normal,Sales,Rep
2025-03-05T18:29:00,eve.johnson,18,2,61,180.18,0,3,8,0,0,46,177,0,0,False,normal,IT,SysAdmin
2025-03-06T10:11:00,alice.morgan,10,3,9,22.92,0,2,0,0,0,84,107,0,0,False,normal,Finance,Analyst
2025-03-06T17:33:00,alice.morgan,17,3,12,33.12,0,2,0,0,0,55,82,0,0,False,normal,Finance,Analyst
2025-03-06T15:56:00,bob.chen,15,3,37,42.86,0,2,6,0,0,70,414,0,0,False,normal,Engineering,Developer
2025-03-06T18:52:00,bob.chen,18,3,36,78.1,1,1,1,0,0,76,328,0,0,False,normal,Engineering,Developer
2025-03-06T13:41:00,carol.davis,13,3,11,12.09,0,1,1,0,0,54,109,0,0,False,normal,HR,Manager
2025-03-06T11:55:00,carol.davis,11,3,9,8.77,0,1,1,1,0,62,124,0,0,False,normal,HR,Manager
2025-03-06T16:07:00,carol.davis,16,3,8,17.23,0,2,0,0,0,76,241,0,0,False,normal,HR,Manager
2025-03-06T09:33:00,dave.wilson,9,3,17,16.36,0,1,2,0,0,84,137,0,0,False,normal,Sales,Rep
2025-03-06T11:15:00,eve.johnson,11,3,61,71.14,0,2,4,0,0,77,63,0,0,False,normal,IT,SysAdmin
2025-03-06T20:01:00,eve.johnson,20,3,38,88.47,0,1,3,0,0,74,289,0,0,False,normal,IT,SysAdmin
2025-03-06T21:47:00,eve.johnson,21,3,70,105.58,0,1,2,0,0,54,114,0,0,False,normal,IT,SysAdmin
2025-03-07T08:04:00,alice.morgan,8,4,20,56.85,0,1,4,0,0,57,114,0,0,False,normal,Finance,Analyst
2025-03-07T14:45:00,alice.morgan,14,4,10,12.25,0,1,1,0,0,51,465,0,0,False,normal,Finance,Analyst
2025-03-07T17:35:00,alice.morgan,17,4,11,13.54,0,2,0,0,1,69,472,0,0,False,normal,Finance,Analyst
2025-03-07T09:32:00,bob.chen,9,4,38,97.66,0,1,6,0,0,73,407,0,0,False,normal,Engineering,Developer
2025-03-07T10:07:00,carol.davis,10,4,12,16.03,0,3,1,0,1,68,374,0,0,False,normal,HR,Manager
2025-03-07T15:25:00,carol.davis,15,4,11,21.28,0,2,2,0,0,52,108,0,0,False,normal,HR,Manager
2025-03-07T13:47:00,carol.davis,13,4,8,21.78,0,1,0,0,0,68,381,0,0,False,normal,HR,Manager
2025-03-07T19:34:00,dave.wilson,19,4,20,30.84,0,1,1,0,0,62,149,0,0,False,normal,Sales,Rep
2025-03-07T09:37:00,dave.wilson,9,4,27,39.36,0,3,0,0,1,57,390,0,0,False,normal,Sales,Rep
2025-03-07T10:23:00,dave.wilson,10,4,22,46.33,0,2,2,0,0,65,278,0,0,False,normal,Sales,Rep
2025-03-07T22:51:00,eve.johnson,22,4,58,33.58,0,2,9,0,0,77,89,0,0,False,normal,IT,SysAdmin
2025-03-07T10:10:00,eve.johnson,10,4,57,131.11,0,1,3,0,0,55,366,0,0,False,normal,IT,SysAdmin
2025-03-07T06:27:00,eve.johnson,6,4,63,128.88,0,2,8,0,0,47,479,0,0,False,normal,IT,SysAdmin
2025-03-10T09:51:00,alice.morgan,9,0,14,34.56,0,3,0,0,0,65,270,0,0,False,normal,Finance,Analyst
2025-03-10T16:45:00,alice.morgan,16,0,15,42.82,0,3,1,1,0,58,424,0,0,False,normal,Finance,Analyst
2025-03-10T12:58:00,alice.morgan,12,0,9,7.84,0,3,1,0,0,69,315,0,0,False,normal,Finance,Analyst
2025-03-10T17:39:00,bob.chen,17,0,30,17.59,0,1,1,0,0,66,34,0,0,False,normal,Engineering,Developer
2025-03-10T15:41:00,carol.davis,15,0,4,3.52,0,1,0,0,0,58,203,0,0,False,normal,HR,Manager
2025-03-10T11:07:00,carol.davis,11,0,7,6.69,0,3,1,0,0,64,123,0,0,False,normal,HR,Manager
2025-03-10T10:13:00,dave.wilson,10,0,19,42.14,0,2,2,0,0,54,30,0,0,False,normal,Sales,Rep
2025-03-10T07:38:00,dave.wilson,7,0,23,12.85,0,1,2,0,0,57,193,0,0,False,normal,Sales,Rep
2025-03-10T21:02:00,eve.johnson,21,0,55,122.14,0,3,5,0,0,49,159,0,0,False,normal,IT,SysAdmin
2025-03-10T17:31:00,eve.johnson,17,0,48,133.39,0,1,5,0,0,74,109,0,0,False,normal,IT,SysAdmin
2025-03-11T12:52:00,alice.morgan,12,1,13,16.05,0,1,1,0,0,61,238,0,0,False,normal,Finance,Analyst
2025-03-11T12:47:00,alice.morgan,12,1,11,27.71,0,2,0,0,0,50,43,0,0,False,normal,Finance,Analyst
2025-03-11T13:35:00,alice.morgan,13,1,17,32.18,0,3,3,0,0,51,153,0,0,False,normal,Finance,Analyst
2025-03-11T23:04:00,alice.morgan,23,1,378,3774.76,1,6,189,0,1,64,355,1,0,True,data_exfiltration,Finance,Analyst
2025-03-11T16:29:00,bob.chen,16,1,43,37.69,0,1,4,0,0,59,108,0,0,False,normal,Engineering,Developer
2025-03-11T10:45:00,bob.chen,10,1,57,62.82,0,3,8,0,0,56,322,0,0,False,normal,Engineering,Developer
2025-03-11T13:41:00,carol.davis,13,1,6,4.0,0,3,0,0,0,62,181,0,0,False,normal,HR,Manager
2025-03-11T08:12:00,carol.davis,8,1,11,5.61,0,2,0,1,0,60,454,0,0,False,normal,HR,Manager
2025-03-11T16:14:00,dave.wilson,16,1,25,46.15,0,3,1,0,0,52,472,0,0,False,normal,Sales,Rep
2025-03-11T10:21:00,dave.wilson,10,1,21,31.96,0,3,1,0,0,64,270,0,0,False,normal,Sales,Rep
2025-03-11T16:08:00,eve.johnson,16,1,56,52.63,0,1,7,1,0,47,473,0,0,False,normal,IT,SysAdmin
2025-03-11T12:15:00,eve.johnson,12,1,37,70.86,1,2,5,0,0,63,320,0,0,False,normal,IT,SysAdmin
2025-03-12T09:50:00,alice.morgan,9,2,12,9.16,0,1,0,0,0,74,409,0,0,False,normal,Finance,Analyst
2025-03-12T10:08:00,bob.chen,10,2,17,45.03,0,2,1,0,0,63,144,0,0,False,normal,Engineering,Developer
2025-03-12T16:06:00,bob.chen,16,2,17,38.28,0,2,1,0,0,50,206,0,0,False,normal,Engineering,Developer
2025-03-12T15:33:00,bob.chen,15,2,17,48.26,0,1,1,0,0,57,37,0,0,False,normal,Engineering,Developer
2025-03-12T10:39:00,carol.davis,10,2,12,17.42,0,2,2,0,0,52,423,0,0,False,normal,HR,Manager
2025-03-12T09:05:00,carol.davis,9,2,7,13.23,0,3,0,0,0,81,116,0,0,False,normal,HR,Manager
2025-03-12T16:16:00,dave.wilson,16,2,15,15.87,0,3,0,0,0,82,197,0,0,False,normal,Sales,Rep
2025-03-12T16:43:00,dave.wilson,16,2,24,15.4,0,3,4,0,0,50,289,0,0,False,normal,Sales,Rep
2025-03-12T15:11:00,dave.wilson,15,2,10,29.91,0,2,0,0,1,53,33,0,0,False,normal,Sales,Rep
2025-03-12T06:47:00,eve.johnson,6,2,48,123.61,0,1,8,0,0,71,254,0,0,False,normal,IT,SysAdmin
2025-03-12T22:56:00,eve.johnson,22,2,52,49.76,0,2,8,0,0,69,214,0,0,False,normal,IT,SysAdmin
2025-03-13T16:17:00,alice.morgan,16,3,12,24.33,0,1,1,0,0,76,268,0,0,False,normal,Finance,Analyst
2025-03-13T15:10:00,alice.morgan,15,3,18,22.54,0,2,1,0,0,65,212,0,0,False,normal,Finance,Analyst
2025-03-13T18:28:00,bob.chen,18,3,38,107.06,0,3,5,0,0,72,121,0,0,False,normal,Engineering,Developer
2025-03-13T09:03:00,carol.davis,9,3,6,6.48,0,3,0,0,0,62,159,0,0,False,normal,HR,Manager
2025-03-13T13:36:00,carol.davis,13,3,7,7.21,0,2,0,0,0,81,52,0,0,False,normal,HR,Manager
2025-03-13T17:38:00,dave.wilson,17,3,29,33.35,0,3,0,0,0,49,469,0,0,False,normal,Sales,Rep
2025-03-13T12:48:00,dave.wilson,12,3,15,13.42,0,3,2,0,0,78,116,0,0,False,normal,Sales,Rep
2025-03-13T09:34:00,eve.johnson,9,3,55,114.03,0,1,4,0,0,85,368,0,0,False,normal,IT,SysAdmin
2025-03-13T11:33:00,eve.johnson,11,3,66,133.84,0,2,8,0,0,59,425,0,0,False,normal,IT,SysAdmin
2025-03-13T11:46:00,eve.johnson,11,3,46,134.62,0,3,8,0,0,84,183,0,0,False,normal,IT,SysAdmin
2025-03-14T08:05:00,alice.morgan,8,4,11,10.16,0,2,0,0,0,57,64,0,0,False,normal,Finance,Analyst
2025-03-14T16:03:00,bob.chen,16,4,50,31.54,0,3,5,0,0,74,187,0,0,False,normal,Engineering,Developer
2025-03-14T13:45:00,bob.chen,13,4,56,98.06,0,3,0,0,0,56,123,0,0,False,normal,Engineering,Developer
2025-03-14T17:14:00,bob.chen,17,4,25,64.54,0,3,2,0,0,81,263,0,0,False,normal,Engineering,Developer
2025-03-14T11:56:00,carol.davis,11,4,7,15.76,0,1,0,0,0,55,245,0,0,False,normal,HR,Manager
2025-03-14T16:19:00,carol.davis,16,4,5,3.91,0,1,0,0,0,65,241,0,0,False,normal,HR,Manager
2025-03-14T13:45:00,carol.davis,13,4,4,7.89,0,2,1,0,0,60,472,0,0,False,normal,HR,Manager
2025-03-14T12:45:00,dave.wilson,12,4,13,36.34,0,1,1,0,0,53,167,0,0,False,normal,Sales,Rep
2025-03-14T11:29:00,eve.johnson,11,4,61,90.29,0,3,11,0,0,83,136,0,0,False,normal,IT,SysAdmin
2025-03-14T18:33:00,eve.johnson,18,4,49,71.68,0,3,9,0,0,62,420,0,0,False,normal,IT,SysAdmin
2025-03-17T09:40:00,alice.morgan,9,0,18,15.59,0,2,2,0,0,84,418,0,0,False,normal,Finance,Analyst
2025-03-17T09:57:00,bob.chen,9,0,43,93.29,0,3,8,0,0,74,379,0,0,False,normal,Engineering,Developer
2025-03-17T15:45:00,bob.chen,15,0,38,61.2,0,2,4,0,0,47,264,0,0,False,normal,Engineering,Developer
2025-03-17T11:28:00,bob.chen,11,0,51,116.02,0,1,0,0,0,63,148,0,0,False,normal,Engineering,Developer
2025-03-17T12:06:00,carol.davis,12,0,7,20.2,0,3,0,0,0,66,256,0,0,False,normal,HR,Manager
2025-03-17T09:19:00,carol.davis,9,0,6,3.45,0,2,0,0,0,45,416,0,0,False,normal,HR,Manager
2025-03-17T11:32:00,carol.davis,11,0,5,7.26,0,1,0,0,0,45,446,0,0,False,normal,HR,Manager
2025-03-17T10:49:00,dave.wilson,10,0,18,31.4,0,2,1,0,0,75,479,0,0,False,normal,Sales,Rep
2025-03-17T12:18:00,dave.wilson,12,0,19,46.41,0,1,1,0,0,67,425,0,0,False,normal,Sales,Rep
2025-03-17T08:28:00,eve.johnson,8,0,45,101.53,0,1,3,0,0,53,34,0,0,False,normal,IT,SysAdmin
2025-03-18T17:15:00,alice.morgan,17,1,14,23.75,0,1,0,0,1,58,458,0,0,False,normal,Finance,Analyst
2025-03-18T14:49:00,alice.morgan,14,1,12,15.84,0,1,0,0,0,72,327,0,0,False,normal,Finance,Analyst
2025-03-18T13:58:00,alice.morgan,13,1,7,3.93,0,1,1,1,0,52,354,0,0,False,normal,Finance,Analyst
2025-03-18T15:43:00,bob.chen,15,1,35,97.77,0,2,0,0,0,52,198,0,0,False,normal,Engineering,Developer
2025-03-18T17:15:00,bob.chen,17,1,32,23.36,0,2,6,0,0,53,94,0,0,False,normal,Engineering,Developer
2025-03-18T10:46:00,carol.davis,10,1,6,9.85,1,3,0,0,0,68,340,0,0,False,normal,HR,Manager
2025-03-18T07:27:00,dave.wilson,7,1,25,15.97,0,1,3,0,0,80,187,0,0,False,normal,Sales,Rep
2025-03-18T14:16:00,dave.wilson,14,1,13,34.04,0,2,1,0,0,67,293,0,0,False,normal,Sales,Rep
2025-03-18T18:04:00,eve.johnson,18,1,42,75.97,0,1,1,0,0,72,391,0,0,False,normal,IT,SysAdmin
2025-03-18T06:45:00,eve.johnson,6,1,54,127.49,0,1,4,0,0,70,263,0,0,False,normal,IT,SysAdmin
2025-03-18T18:12:00,eve.johnson,18,1,59,38.23,0,2,3,0,0,82,268,0,0,False,normal,IT,SysAdmin
2025-03-19T12:44:00,alice.morgan,12,2,15,43.21,0,2,2,1,0,82,148,0,0,False,normal,Finance,Analyst
2025-03-19T17:51:00,alice.morgan,17,2,21,54.37,0,1,4,0,1,60,160,0,0,False,normal,Finance,Analyst
2025-03-19T11:04:00,bob.chen,11,2,32,88.26,0,2,2,1,0,61,126,0,0,False,normal,Engineering,Developer
2025-03-19T02:36:00,bob.chen,2,2,4,82.61,18,3,6,1,2,73,212,0,0,True,credential_abuse,Engineering,Developer
2025-03-19T08:38:00,carol.davis,8,2,7,11.73,0,3,0,0,0,80,356,0,0,False,normal,HR,Manager
2025-03-19T03:18:00,carol.davis,3,2,395,1998.95,0,4,197,0,1,50,111,1,0,True,data_exfiltration,HR,Manager
2025-03-19T16:16:00,dave.wilson,16,2,16,34.04,0,2,2,0,0,80,471,0,0,False,normal,Sales,Rep
2025-03-19T11:21:00,eve.johnson,11,2,60,88.69,0,1,0,0,0,80,120,0,0,False,normal,IT,SysAdmin
2025-03-19T17:04:00,eve.johnson,17,2,35,76.59,0,1,1,0,0,66,397,0,0,False,normal,IT,SysAdmin
2025-03-20T08:02:00,alice.morgan,8,3,7,5.7,0,3,0,0,0,55,368,0,0,False,normal,Finance,Analyst
2025-03-20T10:12:00,bob.chen,10,3,19,27.04,0,3,0,0,0,66,185,0,0,False,normal,Engineering,Developer
2025-03-20T11:55:00,bob.chen,11,3,30,76.15,0,3,1,0,0,63,463,0,0,False,normal,Engineering,Developer
2025-03-20T12:55:00,carol.davis,12,3,9,25.35,0,1,0,0,0,56,428,0,0,False,normal,HR,Manager
2025-03-20T12:35:00,carol.davis,12,3,4,8.75,0,1,1,0,0,68,209,0,0,False,normal,HR,Manager
2025-03-20T11:04:00,dave.wilson,11,3,18,16.82,0,3,1,0,0,61,238,0,0,False,normal,Sales,Rep
2025-03-20T14:04:00,dave.wilson,14,3,21,11.41,0,3,4,0,0,56,225,0,0,False,normal,Sales,Rep
2025-03-20T15:49:00,dave.wilson,15,3,17,11.92,0,2,1,0,0,57,333,0,0,False,normal,Sales,Rep
2025-03-20T10:22:00,eve.johnson,10,3,84,233.14,0,2,11,0,0,62,140,0,0,False,normal,IT,SysAdmin
2025-03-20T10:13:00,eve.johnson,10,3,47,43.35,0,1,4,0,0,68,275,0,0,False,normal,IT,SysAdmin
2025-03-21T12:55:00,alice.morgan,12,4,12,8.23,1,2,0,0,0,55,269,0,0,False,normal,Finance,Analyst
2025-03-21T09:03:00,alice.morgan,9,4,13,26.12,0,3,1,0,0,68,349,0,0,False,normal,Finance,Analyst
2025-03-21T16:16:00,bob.chen,16,4,20,41.17,0,2,0,0,0,66,223,0,0,False,normal,Engineering,Developer
2025-03-21T10:38:00,bob.chen,10,4,41,121.39,0,1,7,1,0,79,370,0,0,False,normal,Engineering,Developer
2025-03-21T10:33:00,bob.chen,10,4,49,136.14,1,2,1,0,0,63,264,0,0,False,normal,Engineering,Developer
2025-03-21T09:20:00,carol.davis,9,4,7,5.68,0,3,0,1,0,73,359,0,0,False,normal,HR,Manager
2025-03-21T09:21:00,dave.wilson,9,4,30,72.26,0,2,3,0,0,48,138,0,0,False,normal,Sales,Rep
2025-03-21T18:51:00,dave.wilson,18,4,21,11.9,0,3,1,0,0,69,327,0,0,False,normal,Sales,Rep
2025-03-21T08:44:00,dave.wilson,8,4,17,31.31,0,3,2,0,0,55,84,0,0,False,normal,Sales,Rep
2025-03-21T06:36:00,eve.johnson,6,4,43,47.74,0,1,3,0,0,74,212,0,0,False,normal,IT,SysAdmin
2025-03-21T10:33:00,eve.johnson,10,4,27,72.01,0,1,2,0,0,70,115,0,0,False,normal,IT,SysAdmin
2025-03-21T11:51:00,eve.johnson,11,4,75,129.62,0,1,13,0,0,81,384,0,0,False,normal,IT,SysAdmin
2025-03-24T08:57:00,alice.morgan,8,0,17,9.54,0,1,3,0,0,48,386,0,0,False,normal,Finance,Analyst
2025-03-24T15:28:00,alice.morgan,15,0,17,16.25,0,2,0,0,0,45,112,0,0,False,normal,Finance,Analyst
2025-03-24T13:25:00,alice.morgan,13,0,10,18.47,0,2,0,0,0,49,212,0,0,False,normal,Finance,Analyst
2025-03-24T11:09:00,bob.chen,11,0,18,47.76,0,2,0,0,0,51,393,0,0,False,normal,Engineering,Developer
2025-03-24T18:07:00,bob.chen,18,0,19,31.5,0,2,2,1,0,81,229,0,0,False,normal,Engineering,Developer
2025-03-24T11:39:00,bob.chen,11,0,54,108.51,0,3,4,0,0,77,77,0,0,False,normal,Engineering,Developer
2025-03-24T09:22:00,carol.davis,9,0,4,10.14,0,2,0,0,0,52,237,0,0,False,normal,HR,Manager
2025-03-24T12:02:00,dave.wilson,12,0,18,27.86,0,3,0,0,0,68,85,0,0,False,normal,Sales,Rep
2025-03-24T09:10:00,dave.wilson,9,0,27,21.51,0,3,4,0,1,49,459,0,0,False,normal,Sales,Rep
2025-03-24T07:51:00,dave.wilson,7,0,28,23.96,0,1,4,0,0,58,94,0,0,False,normal,Sales,Rep
2025-03-24T06:29:00,eve.johnson,6,0,48,49.56,0,3,5,0,0,85,62,0,0,False,normal,IT,SysAdmin
2025-03-25T15:22:00,alice.morgan,15,1,10,5.12,0,3,1,0,0,75,107,0,0,False,normal,Finance,Analyst
2025-03-25T11:31:00,bob.chen,11,1,31,88.13,0,3,1,0,1,69,270,0,0,False,normal,Engineering,Developer
2025-03-25T10:56:00,carol.davis,10,1,10,22.32,0,2,0,0,1,72,284,0,0,False,normal,HR,Manager
2025-03-25T18:17:00,dave.wilson,18,1,19,12.41,0,2,2,0,0,50,324,0,0,False,normal,Sales,Rep
2025-03-25T07:35:00,dave.wilson,7,1,21,40.59,0,1,1,0,1,69,259,0,0,False,normal,Sales,Rep
2025-03-25T09:40:00,eve.johnson,9,1,50,121.31,0,1,2,0,0,56,246,0,0,False,normal,IT,SysAdmin
2025-03-25T11:14:00,eve.johnson,11,1,44,37.78,0,3,8,0,0,71,334,0,0,False,normal,IT,SysAdmin
2025-03-26T17:45:00,alice.morgan,17,2,16,44.32,0,1,3,0,0,84,474,0,0,False,normal,Finance,Analyst
2025-03-26T08:25:00,alice.morgan,8,2,10,23.02,0,3,0,0,1,79,314,0,0,False,normal,Finance,Analyst
2025-03-26T14:26:00,alice.morgan,14,2,4,11.14,0,3,0,0,0,67,278,0,0,False,normal,Finance,Analyst
2025-03-26T17:22:00,bob.chen,17,2,28,49.76,0,3,2,0,0,73,273,0,0,False,normal,Engineering,Developer
2025-03-26T11:57:00,carol.davis,11,2,4,11.39,0,3,1,0,0,84,446,0,0,False,normal,HR,Manager
2025-03-26T15:13:00,carol.davis,15,2,1,1.97,0,3,1,0,1,64,244,0,0,False,normal,HR,Manager
2025-03-26T10:02:00,carol.davis,10,2,10,20.89,0,1,2,1,0,73,431,0,0,False,normal,HR,Manager
2025-03-26T11:33:00,dave.wilson,11,2,21,16.59,0,1,3,0,0,49,340,0,0,False,normal,Sales,Rep
2025-03-26T22:16:00,dave.wilson,22,2,571,3410.69,0,5,285,0,1,51,450,1,0,True,data_exfiltration,Sales,Rep
2025-03-26T17:13:00,eve.johnson,17,2,40,68.84,0,2,4,0,0,53,70,0,0,False,normal,IT,SysAdmin
2025-03-26T16:20:00,eve.johnson,16,2,19,35.85,0,3,2,0,0,51,319,0,0,False,normal,IT,SysAdmin
2025-03-27T12:14:00,alice.morgan,12,3,11,32.51,0,1,0,0,0,69,229,0,0,False,normal,Finance,Analyst
2025-03-27T13:50:00,alice.morgan,13,3,12,10.38,0,1,1,0,0,46,412,0,0,False,normal,Finance,Analyst
2025-03-27T14:40:00,alice.morgan,14,3,11,14.47,0,3,1,0,0,50,369,0,0,False,normal,Finance,Analyst
2025-03-27T11:31:00,bob.chen,11,3,47,55.93,0,1,0,0,0,84,439,0,0,False,normal,Engineering,Developer
2025-03-27T08:34:00,carol.davis,8,3,7,6.34,0,1,0,0,0,72,177,0,0,False,normal,HR,Manager
2025-03-27T12:15:00,carol.davis,12,3,8,4.28,0,2,1,0,0,75,234,0,0,False,normal,HR,Manager
2025-03-27T07:59:00,dave.wilson,7,3,10,18.46,0,1,2,0,0,70,408,0,0,False,normal,Sales,Rep
2025-03-27T18:28:00,dave.wilson,18,3,13,29.5,1,2,0,0,0,70,467,0,0,False,normal,Sales,Rep
2025-03-27T09:31:00,eve.johnson,9,3,29,46.19,0,2,0,1,0,52,345,0,0,False,normal,IT,SysAdmin
2025-03-27T06:04:00,eve.johnson,6,3,21,60.24,0,2,2,0,0,62,377,0,0,False,normal,IT,SysAdmin
2025-03-27T17:57:00,eve.johnson,17,3,43,35.74,0,1,0,0,0,66,387,0,0,False,normal,IT,SysAdmin
2025-03-28T08:32:00,alice.morgan,8,4,8,17.1,0,2,0,0,0,55,355,0,0,False,normal,Finance,Analyst
2025-03-28T14:01:00,alice.morgan,14,4,11,18.72,0,3,0,0,0,51,158,0,0,False,normal,Finance,Analyst
2025-03-28T15:02:00,bob.chen,15,4,41,42.3,1,1,6,0,0,66,370,0,0,False,normal,Engineering,Developer
2025-03-28T11:57:00,bob.chen,11,4,33,55.93,0,2,0,0,0,60,46,0,0,False,normal,Engineering,Developer
2025-03-28T09:18:00,bob.chen,9,4,36,86.93,0,2,1,0,0,74,451,0,0,False,normal,Engineering,Developer
2025-03-28T09:12:00,carol.davis,9,4,8,18.81,0,2,0,1,0,71,59,0,0,False,normal,HR,Manager
2025-03-28T16:15:00,carol.davis,16,4,7,5.58,0,3,1,0,0,83,370,0,0,False,normal,HR,Manager
2025-03-28T15:43:00,carol.davis,15,4,5,11.7,0,2,1,1,0,57,307,0,0,False,normal,HR,Manager
2025-03-28T18:52:00,dave.wilson,18,4,24,56.21,1,3,2,0,0,68,132,0,0,False,normal,Sales,Rep
2025-03-28T09:25:00,dave.wilson,9,4,17,47.98,0,3,1,1,1,84,306,0,0,False,normal,Sales,Rep
2025-03-28T14:54:00,eve.johnson,14,4,37,110.34,1,3,0,1,0,64,409,0,0,False,normal,IT,SysAdmin
2025-03-28T06:19:00,eve.johnson,6,4,71,74.2,0,1,3,0,0,51,359,0,0,False,normal,IT,SysAdmin
2025-03-31T11:00:00,alice.morgan,11,0,16,16.86,0,1,0,0,0,62,139,0,0,False,normal,Finance,Analyst
2025-03-31T14:50:00,bob.chen,14,0,48,77.4,0,2,9,1,0,47,466,0,0,False,normal,Engineering,Developer
2025-03-31T13:28:00,carol.davis,13,0,8,22.96,0,2,0,1,0,57,297,0,0,False,normal,HR,Manager
2025-03-31T12:18:00,carol.davis,12,0,6,13.11,0,1,0,0,0,70,459,0,0,False,normal,HR,Manager
2025-03-31T14:23:00,carol.davis,14,0,8,17.07,0,2,0,0,0,76,441,0,0,False,normal,HR,Manager
2025-03-31T14:47:00,dave.wilson,14,0,26,40.89,0,3,2,0,0,45,423,0,0,False,normal,Sales,Rep
2025-03-31T14:31:00,dave.wilson,14,0,3,19.46,20,2,1,0,2,61,172,0,0,True,credential_abuse,Sales,Rep
2025-03-31T14:48:00,eve.johnson,14,0,52,144.98,0,3,2,1,1,49,384,0,0,False,normal,IT,SysAdmin
2025-03-31T20:02:00,eve.johnson,20,0,60,83.58,0,3,12,0,0,64,61,0,0,False,normal,IT,SysAdmin
2025-03-31T20:03:00,eve.johnson,20,0,43,105.99,0,1,0,1,1,47,302,0,0,False,normal,IT,SysAdmin
